timestamp,pitch
0.03834986686706543,0
0.03834986686706543,529.00
0.03834986686706543,492.00
0.03834986686706543,531.00
0.03834986686706543,519.00
0.039359331130981445,518.00
0.039359331130981445,554.00
0.039359331130981445,532.00
0.039359331130981445,530.00
0.039359331130981445,538.00
0.039359331130981445,475.00
0.039359331130981445,526.00
0.039359331130981445,541.00
0.04035830497741699,469.00
0.04035830497741699,560.00
0.16408085823059082,536.00
0.16408085823059082,491.00
0.16508054733276367,559.00
0.16508054733276367,554.00
0.16508054733276367,501.00
0.16608095169067383,535.00
0.16608095169067383,530.00
0.16608095169067383,515.00
0.16608095169067383,530.00
0.16608095169067383,543.00
0.16608095169067383,513.00
0.16608095169067383,540.00
0.16708087921142578,445.00
0.16708087921142578,532.00
0.16708087921142578,570.00
0.28803062438964844,451.00
0.289151668548584,593.00
0.289151668548584,546.00
0.289151668548584,501.00
0.289151668548584,544.00
0.29015612602233887,538.00
0.29015612602233887,531.00
0.29015612602233887,539.00
0.29015612602233887,534.00
0.29015612602233887,525.00
0.29015612602233887,540.00
0.29015612602233887,516.00
0.29015612602233887,534.00
0.2911522388458252,534.00
0.2911522388458252,437.00
0.41400790214538574,533.00
0.41500210762023926,526.00
0.41500210762023926,467.00
0.4160020351409912,559.00
0.41639041900634766,536.00
0.41639041900634766,526.00
0.41639041900634766,533.00
0.41639041900634766,523.00
0.4174318313598633,527.00
0.4174318313598633,512.00
0.4174318313598633,570.00
0.4184305667877197,569.00
0.4184305667877197,533.00
0.4184305667877197,461.00
0.4184305667877197,536.00
0.5398664474487305,526.00
0.5405871868133545,458.00
0.5405871868133545,547.00
0.5405871868133545,519.00
0.5405871868133545,502.00
0.5405871868133545,536.00
0.5405871868133545,538.00
0.5405871868133545,538.00
0.5415854454040527,524.00
0.5415854454040527,537.00
0.5415854454040527,518.00
0.5415854454040527,529.00
0.5415854454040527,507.00
0.5415854454040527,541.00
0.5415854454040527,546.00
0.6648120880126953,463.00
0.6648120880126953,546.00
0.6658127307891846,553.00
0.6658127307891846,452.00
0.6658127307891846,533.00
0.6658127307891846,557.00
0.6658127307891846,492.00
0.6668124198913574,528.00
0.6668124198913574,542.00
0.6668124198913574,532.00
0.6678125858306885,540.00
0.6678125858306885,531.00
0.6678125858306885,518.00
0.6678125858306885,524.00
0.6688129901885986,475.00
0.790287971496582,533.00
0.790287971496582,526.00
0.790287971496582,440.00
0.790287971496582,552.00
0.790287971496582,530.00
0.7914528846740723,467.00
0.7914528846740723,532.00
0.7914528846740723,540.00
0.7914528846740723,520.00
0.7914528846740723,546.00
0.7914528846740723,520.00
0.7914528846740723,521.00
0.7914528846740723,515.00
0.7914528846740723,505.00
0.7924511432647705,513.00
0.9154853820800781,527.00
0.9154853820800781,445.00
0.9154853820800781,532.00
0.9164786338806152,545.00
0.9167377948760986,463.00
0.9167377948760986,526.00
0.9167377948760986,510.00
0.9167377948760986,510.00
0.9167377948760986,553.00
0.9177474975585938,533.00
0.9177474975585938,523.00
0.9177474975585938,517.00
0.9177474975585938,524.00
0.9187471866607666,511.00
0.9187471866607666,528.00
1.0411996841430664,485.00
1.0411996841430664,536.00
1.0411996841430664,533.00
1.0411996841430664,416.00
1.0421903133392334,531.00
1.0421903133392334,531.00
1.0421903133392334,488.00
1.0421903133392334,538.00
1.0421903133392334,536.00
1.0421903133392334,527.00
1.0421903133392334,533.00
1.0421903133392334,532.00
1.0431952476501465,519.00
1.0431952476501465,546.00
1.0431952476501465,505.00
1.1660993099212646,515.00
1.167099952697754,560.00
1.167099952697754,443.00
1.167099952697754,534.00
1.167099952697754,550.00
1.168100118637085,450.00
1.168100118637085,574.00
1.168100118637085,535.00
1.1690986156463623,483.00
1.1690986156463623,541.00
1.1700997352600098,512.00
1.1700997352600098,517.00
1.1700997352600098,530.00
1.1700997352600098,544.00
1.171248197555542,525.00
1.291630744934082,528.00
1.291630744934082,474.00
1.291630744934082,534.00
1.2926249504089355,525.00
1.2926249504089355,482.00
1.2926249504089355,519.00
1.2926249504089355,546.00
1.293623447418213,472.00
1.293623447418213,538.00
1.293623447418213,536.00
1.293623447418213,498.00
1.2946243286132812,540.00
1.2946243286132812,529.00
1.2946243286132812,507.00
1.2956271171569824,528.00
1.4161837100982666,524.00
1.417184591293335,530.00
1.417184591293335,532.00
1.417184591293335,427.00
1.417184591293335,525.00
1.4181864261627197,533.00
1.4181864261627197,468.00
1.4181864261627197,530.00
1.4181864261627197,526.00
1.419184684753418,517.00
1.419184684753418,542.00
1.419184684753418,526.00
1.42018461227417,563.00
1.42018461227417,533.00
1.42018461227417,531.00
1.5424842834472656,519.00
1.5424842834472656,522.00
1.5424842834472656,497.00
1.5424842834472656,521.00
1.5424842834472656,532.00
1.54347562789917,431.00
1.54347562789917,533.00
1.54347562789917,538.00
1.54347562789917,496.00
1.54347562789917,533.00
1.54347562789917,541.00
1.54347562789917,497.00
1.54347562789917,543.00
1.5444746017456055,536.00
1.5444746017456055,530.00
1.6673505306243896,541.00
1.6682214736938477,520.00
1.6682214736938477,533.00
1.6682214736938477,523.00
1.6682214736938477,448.00
1.6682214736938477,534.00
1.6682214736938477,539.00
1.6682214736938477,470.00
1.6682214736938477,551.00
1.669219732284546,537.00
1.669219732284546,494.00
1.669219732284546,555.00
1.669219732284546,525.00
1.669219732284546,509.00
1.669219732284546,519.00
1.7921721935272217,543.00
1.7930643558502197,532.00
1.7930643558502197,526.00
1.7930643558502197,476.00
1.7940642833709717,518.00
1.7940642833709717,529.00
1.7940642833709717,463.00
1.7940642833709717,535.00
1.7950654029846191,535.00
1.7950654029846191,477.00
1.7950654029846191,538.00
1.7950654029846191,543.00
1.7950654029846191,503.00
1.7960643768310547,536.00
1.7960643768310547,507.00
1.917921781539917,530.00
1.917921781539917,549.00
1.9189224243164062,508.00
1.9189224243164062,523.00
1.9192731380462646,564.00
1.9192731380462646,446.00
1.9192731380462646,537.00
1.9192731380462646,526.00
1.919776439666748,425.00
1.919776439666748,504.00
1.919776439666748,543.00
1.9202854633331299,487.00
1.9202854633331299,538.00
1.9202854633331299,527.00
1.9207887649536133,509.00
2.0431976318359375,514.00
2.0431976318359375,522.00
2.0441970825195312,515.00
2.0441970825195312,526.00
2.0441970825195312,507.00
2.0441970825195312,496.00
2.0441970825195312,542.00
2.0441970825195312,484.00
2.0441970825195312,559.00
2.0451977252960205,529.00
2.0451977252960205,466.00
2.0451977252960205,544.00
2.0451977252960205,523.00
2.0451977252960205,497.00
2.0461976528167725,508.00
2.1690969467163086,505.00
2.1690969467163086,509.00
2.1690969467163086,527.00
2.1690969467163086,531.00
2.1690969467163086,529.00
2.1701102256774902,537.00
2.1701102256774902,453.00
2.1701102256774902,525.00
2.1701102256774902,518.00
2.1701102256774902,485.00
2.1701102256774902,542.00
2.1701102256774902,549.00
2.1701102256774902,520.00
2.1701102256774902,539.00
2.1711137294769287,553.00
2.2944724559783936,490.00
2.2944724559783936,545.00
2.2944724559783936,551.00
2.2944724559783936,528.00
2.2944724559783936,538.00
2.2954633235931396,492.00
2.2954633235931396,540.00
2.2954633235931396,524.00
2.2954633235931396,430.00
2.2954633235931396,538.00
2.2954633235931396,542.00
2.2954633235931396,478.00
2.2954633235931396,536.00
2.2954633235931396,521.00
2.2964625358581543,504.00
2.4195120334625244,540.00
2.4195120334625244,537.00
2.4195120334625244,532.00
2.4195120334625244,527.00
2.4205172061920166,530.00
2.4205172061920166,530.00
2.4205172061920166,536.00
2.4205172061920166,438.00
2.4205172061920166,530.00
2.4205172061920166,555.00
2.4212799072265625,464.00
2.4212799072265625,546.00
2.421706438064575,541.00
2.421706438064575,509.00
2.4221322536468506,508.00
2.5439398288726807,570.00
2.5449399948120117,509.00
2.5449399948120117,538.00
2.5449399948120117,521.00
2.5449399948120117,522.00
2.5459415912628174,538.00
2.5459415912628174,481.00
2.5459415912628174,526.00
2.5459415912628174,537.00
2.5459415912628174,447.00
2.5469417572021484,536.00
2.5469417572021484,536.00
2.5469417572021484,487.00
2.5469417572021484,557.00
2.547736644744873,533.00
2.6699585914611816,570.00
2.6706035137176514,538.00
2.6706035137176514,530.00
2.6706035137176514,509.00
2.6706035137176514,537.00
2.6706035137176514,533.00
2.6706035137176514,533.00
2.6706035137176514,535.00
2.6706035137176514,447.00
2.6716079711914062,536.00
2.6716079711914062,537.00
2.6716079711914062,475.00
2.6716079711914062,525.00
2.6716079711914062,541.00
2.6716079711914062,464.00
2.7953760623931885,502.00
2.795905828475952,548.00
2.795905828475952,543.00
2.795905828475952,521.00
2.795905828475952,533.00
2.795905828475952,537.00
2.795905828475952,523.00
2.795905828475952,508.00
2.795905828475952,531.00
2.795905828475952,508.00
2.796980619430542,441.00
2.796980619430542,519.00
2.796980619430542,522.00
2.796980619430542,481.00
2.796980619430542,512.00
2.9206199645996094,524.00
2.9206199645996094,496.00
2.9206199645996094,540.00
2.9206199645996094,526.00
2.9206199645996094,540.00
2.9217607975006104,518.00
2.9217607975006104,544.00
2.9217607975006104,541.00
2.9217607975006104,534.00
2.9217607975006104,444.00
2.9217607975006104,552.00
2.9217607975006104,531.00
2.9227614402770996,468.00
2.9227614402770996,560.00
2.9227614402770996,519.00
3.046020984649658,521.00
3.046020984649658,531.00
3.046020984649658,560.00
3.046020984649658,505.00
3.046020984649658,522.00
3.046020984649658,551.00
3.047032356262207,519.00
3.047032356262207,537.00
3.047032356262207,484.00
3.047032356262207,519.00
3.047032356262207,531.00
3.047032356262207,450.00
3.047032356262207,538.00
3.0480310916900635,541.00
3.0480310916900635,490.00
3.1712708473205566,543.00
3.1712708473205566,536.00
3.1712708473205566,505.00
3.172276258468628,534.00
3.172276258468628,535.00
3.172276258468628,530.00
3.172276258468628,549.00
3.172276258468628,532.00
3.1732757091522217,529.00
3.1732757091522217,532.00
3.1732757091522217,463.00
3.1732757091522217,524.00
3.1732757091522217,534.00
3.174318313598633,467.00
3.174318313598633,555.00
3.297041177749634,540.00
3.297041177749634,502.00
3.297041177749634,542.00
3.297041177749634,517.00
3.29803204536438,510.00
3.29803204536438,539.00
3.29803204536438,522.00
3.29803204536438,519.00
3.29803204536438,534.00
3.29803204536438,494.00
3.29803204536438,562.00
3.29803204536438,514.00
3.29803204536438,399.00
3.2990307807922363,552.00
3.2990307807922363,519.00
3.4214963912963867,472.00
3.4214963912963867,538.00
3.4214963912963867,514.00
3.4214963912963867,518.00
3.4224963188171387,538.00
3.4224963188171387,537.00
3.4224963188171387,517.00
3.4224963188171387,533.00
3.4224963188171387,540.00
3.4224963188171387,521.00
3.4224963188171387,552.00
3.4224963188171387,459.00
3.4224963188171387,536.00
3.4234955310821533,510.00
3.4234955310821533,456.00
3.5474531650543213,541.00
3.5480797290802,560.00
3.5480797290802,514.00
3.5480797290802,522.00
3.5480797290802,532.00
3.5480797290802,518.00
3.5490803718566895,538.00
3.5490803718566895,538.00
3.5490803718566895,531.00
3.5490803718566895,514.00
3.5500831604003906,486.00
3.5500831604003906,538.00
3.5500831604003906,524.00
3.5500831604003906,449.00
3.5500831604003906,508.00
3.6720526218414307,526.00
3.672945261001587,464.00
3.673368215560913,524.00
3.673368215560913,531.00
3.673368215560913,494.00
3.673936367034912,528.00
3.673936367034912,563.00
3.673936367034912,523.00
3.673936367034912,529.00
3.673936367034912,544.00
3.673936367034912,469.00
3.6749417781829834,528.00
3.6749417781829834,454.00
3.6749417781829834,529.00
3.6749417781829834,545.00
3.7975707054138184,475.00
3.7984459400177,538.00
3.7984459400177,519.00
3.7984459400177,487.00
3.7984459400177,543.00
3.7984459400177,540.00
3.7984459400177,522.00
3.7984459400177,532.00
3.7984459400177,534.00
3.7984459400177,525.00
3.7994494438171387,534.00
3.7994494438171387,510.00
3.7994494438171387,530.00
3.7994494438171387,536.00
3.7994494438171387,438.00
3.923088788986206,565.00
3.923593282699585,537.00
3.923593282699585,466.00
3.923593282699585,534.00
3.923593282699585,535.00
3.923593282699585,510.00
3.923593282699585,503.00
3.923593282699585,538.00
3.9245986938476562,519.00
3.9245986938476562,550.00
3.9245986938476562,562.00
3.9245986938476562,534.00
3.9245986938476562,540.00
3.9245986938476562,445.00
3.9256486892700195,525.00
4.048093557357788,566.00
4.04872465133667,440.00
4.04872465133667,531.00
4.04872465133667,518.00
4.049730062484741,507.00
4.049730062484741,551.00
4.049730062484741,547.00
4.049730062484741,530.00
4.049730062484741,550.00
4.049730062484741,538.00
4.049730062484741,519.00
4.049730062484741,515.00
4.049730062484741,529.00
4.050728797912598,554.00
4.050728797912598,527.00
4.174215078353882,476.00
4.174215078353882,533.00
4.174215078353882,503.00
4.174215078353882,482.00
4.174215078353882,515.00
4.175229787826538,524.00
4.175229787826538,525.00
4.175229787826538,492.00
4.175229787826538,510.00
4.175229787826538,525.00
4.175229787826538,527.00
4.175229787826538,535.00
4.175229787826538,541.00
4.175229787826538,501.00
4.176228761672974,448.00
4.298598766326904,530.00
4.2994914054870605,528.00
4.2994914054870605,481.00
4.2994914054870605,528.00
4.2994914054870605,524.00
4.2994914054870605,519.00
4.2994914054870605,555.00
4.3004913330078125,523.00
4.3004913330078125,512.00
4.3004913330078125,532.00
4.3004913330078125,523.00
4.3004913330078125,529.00
4.3004913330078125,533.00
4.3004913330078125,485.00
4.3004913330078125,550.00
4.424237251281738,534.00
4.424237251281738,460.00
4.42524266242981,542.00
4.42524266242981,514.00
4.42524266242981,539.00
4.42524266242981,536.00
4.42524266242981,548.00
4.42524266242981,492.00
4.42524266242981,528.00
4.426238298416138,528.00
4.426238298416138,514.00
4.426238298416138,541.00
4.426238298416138,526.00
4.426238298416138,520.00
4.426238298416138,540.00
4.5495195388793945,434.00
4.5495195388793945,529.00
4.550520181655884,522.00
4.550520181655884,471.00
4.550520181655884,534.00
4.550520181655884,535.00
4.550520181655884,483.00
4.551522731781006,530.00
4.551522731781006,524.00
4.551522731781006,519.00
4.552521228790283,527.00
4.552521228790283,529.00
4.552521228790283,525.00
4.553520917892456,525.00
4.553520917892456,474.00
4.674347877502441,512.00
4.675347566604614,537.00
4.675347566604614,442.00
4.675347566604614,530.00
4.676348447799683,539.00
4.676348447799683,482.00
4.676348447799683,541.00
4.677349328994751,533.00
4.677349328994751,521.00
4.677349328994751,520.00
4.678351640701294,559.00
4.678351640701294,525.00
4.678351640701294,523.00
4.678351640701294,507.00
4.678351640701294,521.00
4.800363540649414,534.00
4.800363540649414,474.00
4.800363540649414,551.00
4.801370620727539,534.00
4.801370620727539,469.00
4.801370620727539,529.00
4.801370620727539,525.00
4.802370309829712,490.00
4.802370309829712,539.00
4.802370309829712,519.00
4.802370309829712,514.00
4.802370309829712,533.00
4.802370309829712,524.00
4.803369998931885,535.00
4.803369998931885,526.00
4.925532102584839,458.00
4.926406383514404,546.00
4.926406383514404,529.00
4.926406383514404,432.00
4.926406383514404,538.00
4.926406383514404,540.00
4.926406383514404,503.00
4.926406383514404,537.00
4.926406383514404,537.00
4.926406383514404,514.00
4.927401781082153,526.00
4.927401781082153,539.00
4.927401781082153,522.00
4.927401781082153,531.00
4.927401781082153,500.00
5.050629377365112,549.00
5.051629304885864,543.00
5.051629304885864,457.00
5.051629304885864,567.00
5.051629304885864,522.00
5.051629304885864,482.00
5.051629304885864,542.00
5.051629304885864,508.00
5.051629304885864,501.00
5.0526299476623535,542.00
5.0526299476623535,531.00
5.0526299476623535,508.00
5.0526299476623535,537.00
5.0526299476623535,546.00
5.0532448291778564,523.00
5.176808595657349,527.00
5.176808595657349,463.00
5.176808595657349,530.00
5.1776204109191895,534.00
5.1776204109191895,482.00
5.1776204109191895,543.00
5.1776204109191895,519.00
5.1776204109191895,483.00
5.1776204109191895,515.00
5.1776204109191895,571.00
5.1776204109191895,528.00
5.178619146347046,559.00
5.178619146347046,537.00
5.178619146347046,536.00
5.178619146347046,553.00
5.30227255821228,432.00
5.30227255821228,550.00
5.30227255821228,532.00
5.30227255821228,465.00
5.30227255821228,541.00
5.30227255821228,526.00
5.3032591342926025,486.00
5.3032591342926025,551.00
5.3032591342926025,540.00
5.3032591342926025,528.00
5.3032591342926025,524.00
5.3032591342926025,564.00
5.3032591342926025,532.00
5.3032591342926025,562.00
5.3032591342926025,527.00
5.426643133163452,496.00
5.4275195598602295,537.00
5.4275195598602295,462.00
5.4275195598602295,518.00
5.4275195598602295,532.00
5.4275195598602295,502.00
5.4275195598602295,546.00
5.4275195598602295,558.00
5.4275195598602295,486.00
5.428518295288086,526.00
5.428518295288086,540.00
5.428518295288086,522.00
5.428518295288086,534.00
5.428518295288086,534.00
5.428518295288086,530.00
5.552834510803223,522.00
5.552834510803223,484.00
5.552834510803223,535.00
5.552834510803223,537.00
5.552834510803223,476.00
5.553827524185181,551.00
5.553827524185181,535.00
5.553827524185181,484.00
5.553827524185181,538.00
5.553827524185181,532.00
5.553827524185181,516.00
5.553827524185181,542.00
5.553827524185181,542.00
5.553827524185181,548.00
5.554826259613037,561.00
5.677434682846069,515.00
5.6784281730651855,545.00
5.6784281730651855,548.00
5.6784281730651855,434.00
5.6784281730651855,549.00
5.679429054260254,535.00
5.681429624557495,485.00
5.681429624557495,522.00
5.682174444198608,527.00
5.682174444198608,513.00
5.682174444198608,507.00
5.682174444198608,539.00
5.682174444198608,533.00
5.682174444198608,532.00
5.682174444198608,536.00
5.803056240081787,517.00
5.803056240081787,521.00
5.803056240081787,454.00
5.804188966751099,548.00
5.804188966751099,559.00
5.804188966751099,450.00
5.8052473068237305,517.00
5.8052473068237305,517.00
5.8060221672058105,493.00
5.8060221672058105,549.00
5.8060221672058105,535.00
5.8060221672058105,523.00
5.8060221672058105,552.00
5.807054042816162,538.00
5.807054042816162,510.00
5.929020881652832,557.00
5.929020881652832,493.00
5.929020881652832,516.00
5.929736614227295,529.00
5.929736614227295,456.00
5.929736614227295,525.00
5.929736614227295,540.00
5.929736614227295,492.00
5.929736614227295,534.00
5.929736614227295,531.00
5.929736614227295,519.00
5.929736614227295,532.00
5.930738925933838,552.00
5.930738925933838,529.00
5.930738925933838,569.00
6.0543532371521,523.00
6.0543532371521,535.00
6.0543532371521,548.00
6.0543532371521,443.00
6.0543532371521,530.00
6.055349111557007,533.00
6.055349111557007,459.00
6.055349111557007,523.00
6.055349111557007,541.00
6.055349111557007,506.00
6.055349111557007,533.00
6.055349111557007,503.00
6.055349111557007,521.00
6.056348085403442,561.00
6.056348085403442,549.00
6.178916692733765,543.00
6.17955207824707,556.00
6.17955207824707,453.00
6.17955207824707,535.00
6.17955207824707,521.00
6.180620908737183,436.00
6.180620908737183,534.00
6.180901527404785,526.00
6.180901527404785,489.00
6.180901527404785,523.00
6.180901527404785,533.00
6.180901527404785,506.00
6.181969404220581,536.00
6.181969404220581,560.00
6.181969404220581,514.00
6.304337501525879,530.00
6.304927825927734,543.00
6.304927825927734,535.00
6.304927825927734,528.00
6.304927825927734,443.00
6.304927825927734,517.00
6.304927825927734,531.00
6.304927825927734,448.00
6.304927825927734,578.00
6.304927825927734,520.00
6.304927825927734,504.00
6.305931568145752,519.00
6.305931568145752,514.00
6.305931568145752,534.00
6.305931568145752,560.00
6.43016791343689,532.00
6.43016791343689,539.00
6.43016791343689,560.00
6.43016791343689,493.00
6.431158542633057,510.00
6.431158542633057,534.00
6.431158542633057,430.00
6.431158542633057,543.00
6.431158542633057,527.00
6.431158542633057,488.00
6.431158542633057,538.00
6.431158542633057,530.00
6.431158542633057,526.00
6.431158542633057,512.00
6.431158542633057,509.00
6.5546653270721436,515.00
6.555724143981934,554.00
6.555724143981934,504.00
6.555724143981934,541.00
6.556708335876465,546.00
6.556708335876465,470.00
6.556708335876465,507.00
6.556708335876465,514.00
6.5576698780059814,438.00
6.5576698780059814,537.00
6.5576698780059814,524.00
6.5576698780059814,488.00
6.5576698780059814,525.00
6.558668375015259,537.00
6.558668375015259,501.00
6.680878162384033,494.00
6.680878162384033,521.00
6.680878162384033,521.00
6.681729316711426,531.00
6.681729316711426,501.00
6.681729316711426,531.00
6.681729316711426,535.00
6.681729316711426,458.00
6.682844161987305,538.00
6.682844161987305,532.00
6.682844161987305,532.00
6.682844161987305,535.00
6.682844161987305,539.00
6.683846712112427,529.00
6.683846712112427,535.00
6.805166244506836,549.00
6.806178092956543,533.00
6.806178092956543,528.00
6.806178092956543,530.00
6.806178092956543,536.00
6.806178092956543,538.00
6.806178092956543,464.00
6.806178092956543,533.00
6.806178092956543,540.00
6.806178092956543,509.00
6.807175874710083,550.00
6.807175874710083,558.00
6.807175874710083,490.00
6.807175874710083,509.00
6.807175874710083,543.00
6.9306159019470215,530.00
6.931473016738892,535.00
6.931473016738892,535.00
6.932474136352539,517.00
6.932474136352539,530.00
6.932474136352539,514.00
6.932474136352539,527.00
6.932474136352539,541.00
6.932474136352539,425.00
6.932474136352539,541.00
6.932474136352539,533.00
6.933473348617554,486.00
6.933473348617554,525.00
6.933473348617554,529.00
6.933473348617554,519.00
7.056878328323364,523.00
7.057276964187622,541.00
7.057276964187622,500.00
7.057276964187622,532.00
7.058475494384766,545.00
7.058475494384766,560.00
7.0593931674957275,555.00
7.0593931674957275,466.00
7.0593931674957275,552.00
7.0593931674957275,515.00
7.0603907108306885,460.00
7.0603907108306885,533.00
7.0603907108306885,536.00
7.0603907108306885,481.00
7.0603907108306885,514.00
7.1816017627716064,514.00
7.1816017627716064,510.00
7.1816017627716064,540.00
7.1816017627716064,508.00
7.1816017627716064,513.00
7.1816017627716064,521.00
7.1816017627716064,506.00
7.182812452316284,531.00
7.182812452316284,533.00
7.183257102966309,457.00
7.183257102966309,523.00
7.183257102966309,533.00
7.183257102966309,480.00
7.183257102966309,548.00
7.184326171875,508.00
7.30724310874939,510.00
7.30724310874939,536.00
7.30724310874939,533.00
7.30724310874939,527.00
7.30724310874939,535.00
7.30724310874939,534.00
7.308197736740112,527.00
7.308197736740112,525.00
7.308197736740112,445.00
7.308197736740112,527.00
7.308197736740112,535.00
7.308197736740112,443.00
7.308197736740112,509.00
7.308197736740112,530.00
7.308197736740112,497.00
7.432648420333862,548.00
7.432648420333862,540.00
7.432648420333862,503.00
7.433302640914917,521.00
7.433302640914917,546.00
7.433742523193359,528.00
7.433742523193359,531.00
7.434156894683838,525.00
7.434156894683838,534.00
7.434156894683838,524.00
7.434156894683838,446.00
7.434156894683838,543.00
7.435225486755371,480.00
7.435225486755371,467.00
7.435225486755371,536.00
7.557979345321655,531.00
7.557979345321655,503.00
7.557979345321655,572.00
7.559001922607422,570.00
7.559001922607422,504.00
7.559664249420166,523.00
7.559664249420166,520.00
7.559664249420166,535.00
7.559664249420166,546.00
7.56033992767334,445.00
7.56033992767334,533.00
7.56033992767334,530.00
7.56033992767334,457.00
7.56033992767334,528.00
7.56033992767334,521.00
7.683526039123535,521.00
7.683526039123535,544.00
7.683526039123535,537.00
7.683526039123535,490.00
7.683526039123535,538.00
7.684516906738281,532.00
7.684516906738281,516.00
7.684516906738281,529.00
7.684516906738281,486.00
7.684516906738281,528.00
7.684516906738281,524.00
7.684516906738281,475.00
7.684516906738281,537.00
7.684516906738281,553.00
7.685515880584717,456.00
7.8082849979400635,526.00
7.8082849979400635,556.00
7.8082849979400635,513.00
7.8082849979400635,516.00
7.8082849979400635,545.00
7.809039115905762,528.00
7.809039115905762,533.00
7.809039115905762,526.00
7.809645652770996,532.00
7.809645652770996,548.00
7.809645652770996,470.00
7.810166358947754,510.00
7.810166358947754,555.00
7.810166358947754,484.00
7.810166358947754,541.00
7.933200120925903,532.00
7.933200120925903,516.00
7.933200120925903,535.00
7.933200120925903,536.00
7.933200120925903,511.00
7.933200120925903,548.00
7.934731483459473,530.00
7.934731483459473,516.00
7.934731483459473,533.00
7.934731483459473,473.00
7.934731483459473,535.00
7.934731483459473,522.00
7.934731483459473,438.00
7.934731483459473,537.00
7.934731483459473,536.00
8.059263229370117,459.00
8.059560298919678,535.00
8.059560298919678,504.00
8.059560298919678,498.00
8.059560298919678,541.00
8.060496807098389,564.00
8.060496807098389,532.00
8.060496807098389,537.00
8.060496807098389,505.00
8.060496807098389,524.00
8.060496807098389,525.00
8.060496807098389,446.00
8.060496807098389,537.00
8.061551332473755,532.00
8.061551332473755,496.00
8.183519124984741,538.00
8.184518098831177,521.00
8.184518098831177,509.00
8.184518098831177,535.00
8.184518098831177,513.00
8.184518098831177,521.00
8.185519695281982,542.00
8.185519695281982,570.00
8.185519695281982,533.00
8.185519695281982,544.00
8.185519695281982,472.00
8.185519695281982,529.00
8.185519695281982,533.00
8.186519622802734,428.00
8.186519622802734,536.00
8.309898138046265,540.00
8.309898138046265,485.00
8.310550928115845,526.00
8.310550928115845,529.00
8.310550928115845,511.00
8.310550928115845,535.00
8.310550928115845,540.00
8.311535596847534,525.00
8.311535596847534,529.00
8.311535596847534,531.00
8.311535596847534,530.00
8.311535596847534,545.00
8.311535596847534,433.00
8.311535596847534,530.00
8.312559127807617,533.00
8.435203552246094,473.00
8.435203552246094,543.00
8.435203552246094,515.00
8.435203552246094,489.00
8.435203552246094,541.00
8.436316967010498,523.00
8.436316967010498,527.00
8.436751127243042,521.00
8.436751127243042,527.00
8.436751127243042,514.00
8.436751127243042,516.00
8.436751127243042,483.00
8.437821388244629,526.00
8.437821388244629,536.00
8.437821388244629,467.00
8.55981993675232,542.00
8.560798645019531,523.00
8.560798645019531,472.00
8.560798645019531,536.00
8.560798645019531,537.00
8.560798645019531,496.00
8.560798645019531,537.00
8.561707496643066,544.00
8.561707496643066,523.00
8.561707496643066,536.00
8.562706470489502,541.00
8.562706470489502,551.00
8.562706470489502,526.00
8.562706470489502,458.00
8.563706874847412,538.00
8.685833215713501,519.00
8.685833215713501,459.00
8.685833215713501,538.00
8.686614513397217,529.00
8.686614513397217,501.00
8.686614513397217,523.00
8.686614513397217,533.00
8.686614513397217,524.00
8.686614513397217,520.00
8.686614513397217,567.00
8.686614513397217,508.00
8.686614513397217,543.00
8.686614513397217,527.00
8.687613010406494,504.00
8.687613010406494,550.00
8.812993288040161,467.00
8.812993288040161,555.00
8.813995122909546,518.00
8.813995122909546,455.00
8.813995122909546,529.00
8.813995122909546,526.00
8.813995122909546,487.00
8.813995122909546,544.00
8.813995122909546,541.00
8.813995122909546,519.00
8.81499433517456,529.00
8.81499433517456,532.00
8.81499433517456,520.00
8.81499433517456,514.00
8.81499433517456,506.00
8.935794353485107,531.00
8.936617374420166,546.00
8.936617374420166,424.00
8.936617374420166,531.00
8.936617374420166,525.00
8.936617374420166,456.00
8.936617374420166,528.00
8.936617374420166,527.00
8.937617301940918,496.00
8.937617301940918,545.00
8.937617301940918,522.00
8.937617301940918,514.00
8.937617301940918,553.00
8.937617301940918,520.00
8.937617301940918,533.00
9.061341762542725,529.00
9.061341762542725,486.00
9.062244653701782,537.00
9.062244653701782,530.00
9.062244653701782,463.00
9.062244653701782,508.00
9.062244653701782,539.00
9.063246250152588,494.00
9.063246250152588,520.00
9.063246250152588,537.00
9.063246250152588,491.00
9.064243793487549,537.00
9.064243793487549,528.00
9.064243793487549,522.00
9.064243793487549,536.00
9.187090158462524,536.00
9.187090158462524,535.00
9.187090158462524,542.00
9.187090158462524,479.00
9.187090158462524,535.00
9.187090158462524,539.00
9.188083171844482,475.00
9.188083171844482,519.00
9.188083171844482,535.00
9.188083171844482,490.00
9.188083171844482,542.00
9.188083171844482,544.00
9.188083171844482,558.00
9.188083171844482,550.00
9.188083171844482,532.00
9.31204104423523,533.00
9.31204104423523,530.00
9.312925100326538,534.00
9.312925100326538,534.00
9.313921451568604,507.00
9.313921451568604,438.00
9.313921451568604,538.00
9.313921451568604,532.00
9.314919471740723,497.00
9.314919471740723,532.00
9.314919471740723,559.00
9.314919471740723,500.00
9.314919471740723,553.00
9.314919471740723,525.00
9.314919471740723,558.00
9.436868667602539,539.00
9.438882827758789,523.00
9.438882827758789,524.00
9.438882827758789,534.00
9.439881324768066,461.00
9.439881324768066,529.00
9.439881324768066,537.00
9.439881324768066,462.00
9.439881324768066,513.00
9.439881324768066,530.00
9.439881324768066,498.00
9.439881324768066,562.00
9.44088101387024,537.00
9.44088101387024,514.00
9.44088101387024,532.00
9.563116312026978,569.00
9.563116312026978,533.00
9.563116312026978,560.00
9.563116312026978,515.00
9.563116312026978,541.00
9.564116716384888,563.00
9.564116716384888,451.00
9.564116716384888,533.00
9.564116716384888,554.00
9.564116716384888,517.00
9.564116716384888,548.00
9.564116716384888,535.00
9.564116716384888,502.00
9.565115928649902,539.00
9.565115928649902,524.00
9.691131353378296,499.00
9.691131353378296,523.00
9.691131353378296,504.00
9.691131353378296,520.00
9.691131353378296,530.00
9.691131353378296,467.00
9.692133903503418,504.00
9.692133903503418,529.00
9.692133903503418,429.00
9.692133903503418,533.00
9.692133903503418,499.00
9.692133903503418,481.00
9.692133903503418,554.00
9.692133903503418,504.00
9.692133903503418,505.00
9.812952280044556,570.00
9.813953638076782,562.00
9.813953638076782,517.00
9.813953638076782,531.00
9.814717531204224,536.00
9.814717531204224,528.00
9.814717531204224,525.00
9.815223693847656,437.00
9.815223693847656,534.00
9.815223693847656,571.00
9.815223693847656,494.00
9.815223693847656,554.00
9.815223693847656,531.00
9.816228866577148,499.00
9.816228866577148,541.00
9.939004898071289,502.00
9.939004898071289,522.00
9.939004898071289,527.00
9.939004898071289,522.00
9.939004898071289,532.00
9.939004898071289,525.00
9.939996719360352,479.00
9.939996719360352,504.00
9.939996719360352,535.00
9.939996719360352,462.00
9.939996719360352,551.00
9.939996719360352,552.00
9.939996719360352,525.00
9.939996719360352,515.00
9.940996170043945,533.00
10.063814640045166,486.00
